,Date,Unix,Ticker,DE Ratio,Price,stock_p_change,SP500,sp500_p_change,Difference
0,2004-01-30 19:01:02,1075507262.0,a,0.407,36.65,0.0,1131.13,0.0,0.0
1,2004-04-13 04:07:11,1081843631.0,a,0.375,31.87,-13.042291950886762,1129.44,-0.14940811400988874,-12.892883836876873
2,2004-12-13 21:37:34,1102991854.0,a,0.323,23.84,-34.95225102319236,1198.68,5.971904201992693,-40.92415522518505
3,2005-01-22 05:17:19,1106389039.0,a,0.322,21.8,-40.518417462482944,1184.63,4.7297834908454375,-45.24820095332838
4,2006-01-09 02:35:16,1136792116.0,a,0.0,34.65,-5.457025920873124,1290.15,14.058507863817596,-19.51553378469072
5,2006-06-21 11:01:16,1150902076.0,a,0.368,32.18,-12.19645293315143,1252.2,10.703455836199192,-22.899908769350624
6,2006-08-19 10:42:01,1155998521.0,a,0.396,31.8,-13.23328785811732,1295.43,14.525297711138412,-27.758585569255732
7,2007-02-20 17:46:56,1172011616.0,a,0.411,32.48,-11.377899045020468,1459.68,29.046175063874173,-40.424074108894644
8,2007-04-12 05:07:51,1176368871.0,a,0.411,34.62,-5.538881309686224,1447.8,27.995897907402316,-33.53477921708854
9,2008-01-23 19:28:50,1201134530.0,a,0.645,32.16,-12.251023192360169,1338.6,18.341835155994428,-30.592858348354596
10,2008-02-14 04:44:34,1202982274.0,a,0.645,32.68,-10.832196452933148,1348.86,19.248892700220114,-30.081089153153265
11,2008-04-26 04:49:23,1209199763.0,a,0.67,31.53,-13.969986357435191,1379.93,21.995703411632608,-35.9656897690678
12,2008-12-06 19:21:33,1228609293.0,a,0.83,17.26,-52.905866302864936,870.74,-23.020342489369046,-29.88552381349589
13,2009-08-02 05:46:24,1249206384.0,a,0.83,23.22,-36.643929058663026,986.75,-12.764226923518967,-23.879702135144058
14,2011-08-02 06:45:37,1312281937.0,a,54.36,40.79,11.296043656207368,1254.05,10.867009097097577,0.42903455910979105
15,2011-11-08 05:04:16,1320746656.0,a,51.62,37.74,2.9740791268758624,1275.92,12.80047386242076,-9.826394735544898
16,2013-05-14 00:28:58,1368505738.0,a,44.12,43.04,17.435197817189636,1650.34,45.901885724894555,-28.46668790770492
17,2013-09-06 06:09:52,1378462192.0,a,56.39,47.68,30.095497953615286,1655.17,46.32889234659145,-16.233394392976166
18,2004-04-13 04:20:10,1081844410.0,aa,0.595,34.26,0.0,1129.44,0.0,0.0
19,2004-09-09 16:15:45,1094760945.0,aa,0.561,32.89,-3.9988324576765835,1118.38,-0.979246352174524,-3.0195861055020594
20,2004-11-24 10:37:20,1101310640.0,aa,0.53,33.58,-1.9848219497956794,1181.76,4.632384190395234,-6.6172061401909135
21,2004-12-05 00:36:42,1102225002.0,aa,0.53,32.86,-4.086398131932278,1190.33,5.391167304150718,-9.477565436082998
22,2005-01-13 07:18:32,1105618712.0,aa,0.457,29.43,-14.098073555166371,1177.45,4.250779147187986,-18.348852702354357
23,2005-02-07 03:48:37,1107766117.0,aa,0.457,29.37,-14.27320490367775,1201.72,6.399631675874767,-20.672836579552516
24,2005-05-22 08:48:23,1116766103.0,aa,0.543,27.45,-19.87740805604203,1191.08,5.457571894035971,-25.334979950078
25,2006-06-20 04:32:21,1150792341.0,aa,0.526,29.1,-15.061295971978975,1240.12,9.799546677999702,-24.86084264997868
26,2007-01-25 19:09:37,1169770177.0,aa,0.494,31.46,-8.172796263864557,1423.9,26.07132738348208,-34.24412364734663
27,2007-02-23 09:03:42,1172239422.0,aa,0.494,34.75,1.4302393461763048,1451.19,28.487569060773478,-27.057329714597174
28,2007-05-16 21:12:47,1179364367.0,aa,0.494,39.04,13.952130764740225,1514.14,34.06112763847571,-20.108996873735485
29,2007-06-22 06:39:12,1182508752.0,aa,0.503,40.34,17.746643315820215,1502.56,33.03584077064739,-15.289197454827175
30,2007-10-11 20:57:59,1192150679.0,aa,0.47,38.08,11.150029188558088,1554.41,37.62661141804789,-26.4765822294898
31,2008-01-23 16:05:53,1201122353.0,aa,0.499,28.04,-18.155283129013426,1338.6,18.518912027199306,-36.67419515621273
32,2008-10-28 00:52:22,1225169542.0,aa,0.672,9.04,-73.61354349095154,940.51,-16.727758889361105,-56.88578460159044
33,2008-12-05 01:03:15,1228456995.0,aa,0.672,8.06,-76.47402218330413,876.07,-22.433241252302025,-54.040780931002104
34,2008-12-06 09:33:46,1228574026.0,aa,0.672,8.15,-76.21132516053707,870.74,-22.90515653775323,-53.306168622783844
35,2008-12-18 10:54:07,1229615647.0,aa,0.672,10.35,-69.78984238178634,885.28,-21.61779288851113,-48.17204949327521
36,2009-03-09 18:17:50,1236637070.0,aa,0.672,5.49,-83.97548161120841,676.53,-40.10040373990651,-43.8750778713019
37,2011-09-03 09:21:23,1315056083.0,aa,48.26,12.04,-64.85697606538237,1218.89,7.919854086981163,-72.77683015236353
38,2011-11-02 22:04:47,1320285887.0,aa,50.93,10.7,-68.76824284880327,1237.9,9.60298909193937,-78.37123194074263
39,2011-11-05 21:29:24,1320542964.0,aa,50.93,10.93,-68.09690601284296,1237.9,9.60298909193937,-77.69989510478234
40,2012-01-02 19:42:06,1325551326.0,aa,50.93,8.65,-74.75189725627554,1257.6,11.347216319591997,-86.09911357586753
41,2012-03-09 07:34:06,1331296446.0,aa,54.5,9.77,-71.48277875072971,1370.87,21.376080181328785,-92.8588589320585
42,2012-03-19 02:24:48,1332138288.0,aa,54.5,10.54,-69.23525977816696,1409.75,24.818494120980304,-94.05375389914727
43,2012-05-19 11:51:52,1337442712.0,aa,55.28,8.43,-75.3940455341506,1324.8,17.297067573310656,-92.69111310746126
44,2012-07-29 16:51:57,1343595117.0,aa,56.42,8.45,-75.33566841798014,1360.02,20.415427114322135,-95.75109553230229
45,2012-11-27 11:38:14,1354034294.0,aa,56.51,8.31,-75.74430823117338,1398.94,23.861382632100863,-99.60569086327425
46,2013-01-22 17:52:37,1358895157.0,aa,53.49,9.16,-73.26328079392877,1492.56,32.15044623884402,-105.41372703277278
47,2013-04-23 20:02:57,1366761777.0,aa,53.21,8.12,-76.29889083479277,1578.78,39.78431789205269,-116.08320872684547
48,2013-04-26 20:55:15,1367024115.0,aa,53.21,8.27,-75.8610624635143,1582.24,40.09066440005666,-115.95172686357097
49,2013-09-01 04:25:11,1378023911.0,aa,52.71,7.7,-77.52481027437244,1638.17,45.04267601643292,-122.56748629080536
50,2003-12-07 10:36:10,1070811370.0,aapl,0.072,20.85,0.0,1069.72,0.0,0.0
51,2004-02-03 07:33:34,1075811614.0,aapl,0.07,22.32,7.05035971223021,1136.03,6.198818382380431,0.8515413298497796
52,2004-06-03 01:20:38,1086240038.0,aapl,0.0,28.92,38.705035971223026,1116.64,4.386194518191683,34.31884145303134
53,2004-08-10 02:02:44,1092117764.0,aapl,0.0,30.3,45.32374100719424,1079.04,0.8712560296152204,44.452484977579026
54,2004-10-12 05:40:57,1097574057.0,aapl,0.0,38.59,85.08393285371703,1121.84,4.87230303256926,80.21162982114777
55,2004-12-04 14:16:51,1102187811.0,aapl,0.0,62.68,200.62350119904076,1191.37,11.372134764237357,189.2513664348034
56,2005-01-26 15:16:47,1106770607.0,aapl,0.0,71.94,245.03597122302153,1174.07,9.75488912986575,235.2810820931558
57,2005-02-04 03:07:08,1107504428.0,aapl,0.0,77.81,273.18944844124695,1203.03,12.462139625322509,260.72730881592446
58,2005-03-01 10:36:03,1109691363.0,aapl,0.0,44.86,115.15587529976017,1210.41,13.152039786112258,102.00383551364791
59,2005-12-17 11:55:53,1134838553.0,aapl,0.0,71.11,241.05515587529976,1272.74,18.97879819018061,222.07635768511915
60,2006-01-25 09:43:52,1138200232.0,aapl,0.0,76.04,264.70023980815347,1264.68,18.22532999289534,246.47490981525812
61,2006-02-03 13:49:59,1138992599.0,aapl,0.0,72.1,245.80335731414863,1264.03,18.164566428598132,227.6387908855505
62,2006-02-07 09:17:30,1139321850.0,aapl,0.0,67.3,222.78177458033568,1254.78,17.29985416744568,205.48192041289
63,2006-02-17 15:01:01,1140206461.0,aapl,0.0,70.21,236.73860911270975,1287.24,20.334293086041207,216.40431602666854
64,2007-02-17 21:52:03,1171767123.0,aapl,0.0,84.83,306.8585131894484,1455.3,36.0449463410986,270.8135668483498
65,2007-02-19 17:27:55,1171924075.0,aapl,0.0,84.83,306.8585131894484,1455.54,36.06738211868525,270.79113107076313
66,2008-01-23 06:28:45,1201087725.0,aapl,0.0,155.64,646.4748201438848,1338.6,25.13554948958605,621.3392706542987
67,2008-10-27 05:55:02,1225101302.0,aapl,0.0,96.38,362.2541966426858,848.92,-20.64091537972554,382.89511202241135
68,2008-10-29 21:14:51,1225329291.0,aapl,0.0,104.55,401.4388489208632,930.09,-13.052948435104513,414.4917973559677
69,2008-10-31 22:34:03,1225506843.0,aapl,0.0,107.59,416.01918465227817,968.75,-9.438918595520326,425.4581032477985
70,2008-12-03 23:41:54,1228365714.0,aapl,0.0,95.9,359.9520383693046,870.74,-18.601129267471865,378.5531676367765
71,2008-12-07 14:27:24,1228678044.0,aapl,0.0,94.0,350.8393285371703,845.22,-20.986800284186515,371.8261288213568
72,2008-12-16 01:57:34,1229410654.0,aapl,0.0,94.75,354.43645083932853,913.18,-14.633735930897812,369.0701867702263
73,2008-12-17 02:12:01,1229497921.0,aapl,0.0,95.43,357.6978417266187,904.42,-15.452641812810835,373.15048353942956
74,2009-01-01 01:31:55,1230791515.0,aapl,0.0,85.35,309.3525179856115,869.42,-18.724526044198488,328.07704402981
75,2009-01-12 07:25:12,1231763112.0,aapl,0.0,90.58,334.4364508393285,870.26,-18.64600082264518,353.08245166197366
76,2009-10-22 17:48:46,1256248126.0,aapl,0.0,204.211,879.4292565947243,1092.91,2.167857009310853,877.2613995854134
77,2009-11-12 14:53:38,1258055618.0,aapl,0.0,204.096,878.8776978417266,1087.24,1.6378117638260463,877.2398860779006
78,2011-05-22 15:41:19,1306093279.0,aapl,0.0,335.22,1507.7697841726617,1343.6,25.602961522641426,1482.1668226500203
79,2011-09-02 04:10:00,1314951000.0,aapl,0.0,381.03,1727.4820143884888,1173.97,9.745540889204651,1717.736473499284
80,2011-09-24 00:15:37,1316837737.0,aapl,0.0,404.3,1839.0887290167864,1166.76,9.071532737538792,1830.0171962792476
81,2011-09-24 05:43:35,1316857415.0,aapl,0.0,404.3,1839.0887290167864,1166.76,9.071532737538792,1830.0171962792476
82,2011-10-08 05:59:01,1318067941.0,aapl,0.0,369.8,1673.621103117506,1144.03,6.946677635269037,1666.674425482237
83,2011-10-14 06:15:31,1318587331.0,aapl,0.0,408.43,1858.8968824940046,1224.58,14.476685487791189,1844.4201970062134
84,2011-11-03 17:19:46,1320355186.0,aapl,0.0,399.21,1814.6762589928055,1261.15,17.895337097558244,1796.7809218952473
85,2012-01-08 08:59:52,1326031192.0,aapl,0.0,422.4,1925.899280575539,1281.06,19.75657181318475,1906.1427087623542
86,2012-05-15 15:13:11,1337109191.0,aapl,0.0,559.26,2582.302158273381,1330.66,24.39329918109412,2557.9088590922865
87,2012-09-23 15:53:29,1348430009.0,aapl,0.0,700.09,3257.745803357314,1460.26,36.508619077889534,3221.2371842794246
88,2012-10-11 20:20:07,1350001207.0,aapl,0.0,628.1,2912.4700239808153,1432.84,33.94533148861383,2878.5246924922017
89,2012-10-21 05:19:34,1350811174.0,aapl,0.0,609.84,2824.892086330935,1457.34,36.23565045058519,2788.65643588035
90,2013-01-20 19:31:49,1358728309.0,aapl,0.0,500.0,2298.081534772182,1480.94,38.441835246606594,2259.6396995255755
91,2013-04-23 03:01:29,1366700489.0,aapl,0.0,398.67,1812.0863309352515,1578.78,47.58815390943424,1764.4981770258173
92,2013-05-16 23:28:32,1368761312.0,aapl,0.0,434.58,1984.3165467625895,1650.47,54.289907639382264,1930.0266391232071
93,2013-08-11 02:30:32,1376202632.0,aapl,13.75,454.45,2079.6163069544364,1697.48,58.68451557416894,2020.9317913802674
94,2013-06-19 09:57:38,1371650258.0,abbv,512.61,43.54,0.0,1628.93,0.0,0.0
95,2003-10-26 16:06:32,1067198792.0,abc,0.592,57.01,0.0,1033.77,0.0,0.0
96,2004-01-28 07:37:34,1075293454.0,abc,0.429,56.36,-1.14015085072794,1128.48,9.16161235090978,-10.30176320163772
97,2004-05-16 19:24:15,1084749855.0,abc,0.412,58.97,3.4379933345027203,1096.44,6.062276908790164,-2.6242835742874435
98,2004-10-20 01:31:26,1098250286.0,abc,0.331,52.1,-8.612524118575683,1103.66,6.760691449742215,-15.373215568317898
99,2005-01-08 07:45:42,1105188342.0,abc,0.332,57.9,1.5611296263813377,1183.74,14.507095388722831,-12.945965762341494
100,2005-03-30 19:52:42,1112226762.0,abc,0.291,55.44,-2.753902824065954,1181.41,14.281706762626126,-17.03560958669208
101,2005-05-26 01:50:44,1117086644.0,abc,0.23,65.93,15.646377828451167,1197.62,15.84975381371097,-0.20337598525980383
102,2005-12-04 08:46:13,1133703973.0,abc,0.223,79.46,39.379056305911234,1264.67,22.3357226462366,17.043333659674634
103,2007-02-20 06:12:02,1171969922.0,abc,0.308,54.9,-3.701105069286089,1459.68,41.19968658405642,-44.90079165334251
104,2007-04-05 16:11:07,1175803867.0,abc,0.308,53.94,-5.385020171899668,1443.76,39.65969219458874,-45.04471236648841
105,2008-01-23 20:34:05,1201138445.0,abc,0.396,45.55,-20.101736537449572,1338.6,29.48721669230099,-49.58895322975056
106,2009-02-09 08:47:34,1234187254.0,abc,0.396,38.76,-32.01192773197685,869.89,-15.85265581318862,-16.159271918788228
107,2010-08-21 11:26:32,1282404392.0,abc,0.396,28.92,-49.272057533766,1094.16,5.841724948489519,-55.11378248225552
108,2011-07-08 00:04:15,1310097855.0,abc,42.86,43.05,-24.486932117172426,1343.8,29.990229935091943,-54.47716205226437
109,2012-02-28 18:01:38,1330470098.0,abc,66.41,37.75,-33.783546746184875,1372.18,32.73552144093948,-66.51906818712436
110,2013-04-25 01:02:00,1366866120.0,abc,59.73,55.82,-2.0873530959480755,1585.16,53.33778306586573,-55.4251361618138
111,2004-09-20 13:31:02,1095701462.0,abt,0.543,42.92,0.0,1122.2,0.0,0.0
112,2004-10-23 22:48:08,1098586088.0,abt,0.543,40.86,-4.7996272134203215,1103.66,-1.652111923008373,-3.1475152904119486
113,2005-01-25 12:44:11,1106675051.0,abt,0.508,45.93,7.013047530288905,1168.41,4.117804312956695,2.89524321733221
114,2005-02-28 19:21:54,1109636514.0,abt,0.508,45.61,6.267474370922642,1203.6,7.253608982356073,-0.9861346114334308
115,2006-06-17 18:01:01,1150581661.0,abt,0.436,42.78,-0.3261882572227413,1230.04,9.609695241489922,-9.935883498712663
116,2006-07-18 12:32:14,1153240334.0,abt,0.436,44.48,3.63466915191052,1236.86,10.21743004811975,-6.58276089620923
117,2007-01-13 21:19:42,1168741182.0,abt,0.604,50.45,17.544268406337373,1414.85,26.07823917305292,-8.533970766715548
118,2007-03-23 02:47:40,1174632460.0,abt,0.883,54.5,26.980428704566627,1436.11,27.97273213330956,-0.9923034287429324
119,2007-04-10 20:13:09,1176250389.0,abt,0.883,57.11,33.06150978564771,1448.39,29.067011227945112,3.9944985577025953
120,2007-06-03 02:36:35,1180852595.0,abt,0.871,56.3,31.174277726001854,1530.62,36.39458207093208,-5.220304344930227
121,2007-07-04 07:59:19,1183550359.0,abt,0.871,54.32,26.561043802423107,1530.62,36.39458207093208,-9.833538268508974
122,2008-01-23 23:41:45,1201149705.0,abt,0.784,57.97,35.06523765144454,1338.6,19.28355016931027,15.78168748213427
123,2008-04-28 03:46:55,1209368815.0,abt,0.687,51.28,19.478098788443614,1396.37,24.431473890572075,-4.9533751021284615
124,2008-10-23 21:57:42,1224813462.0,abt,0.732,55.02,28.191985088536814,908.11,-19.077704509000178,47.269689597536996
125,2008-12-25 05:30:56,1230201056.0,abt,0.546,52.65,22.67008387698042,871.63,-22.32846194974158,44.998545826722
126,2011-08-05 04:11:33,1312531893.0,abt,76.17,48.77,13.630009319664497,1199.38,6.87756193191945,6.752447387745047
127,2011-09-02 09:24:27,1314969867.0,abt,68.83,51.94,21.015843429636526,1173.97,4.613259668508285,16.40258376112824
128,2011-11-02 06:21:21,1320229281.0,abt,68.83,52.76,22.92637465051257,1237.9,10.310105150597044,12.616269499915527
129,2012-01-01 23:13:40,1325477620.0,abt,67.73,56.23,31.011183597390477,1263.02,12.548565318125105,18.46261827926537
130,2012-03-02 20:56:30,1330739790.0,abt,62.85,57.39,33.71388630009319,1369.63,22.048654428800578,11.665231871292615
131,2012-03-30 05:44:15,1333100655.0,abt,62.85,60.98,42.07828518173344,1408.47,25.509713063625018,16.568572118108424
132,2012-07-04 23:46:24,1341459984.0,abt,65.17,64.83,51.04846225535879,1408.47,25.509713063625018,25.538749191733775
133,2013-05-08 18:10:02,1368051002.0,abt,76.36,36.06,-15.983224603914255,1632.69,45.49010871502406,-61.473333318938316
134,2013-08-18 07:12:45,1376824365.0,abt,35.38,34.97,-18.522833178005598,1661.32,48.04134735341293,-66.56418053141853
135,2004-08-16 22:53:27,1092711207.0,ace,0.26,39.1,0.0,1079.34,0.0,0.0
136,2004-10-10 11:27:42,1097422062.0,ace,0.26,41.04,4.961636828644496,1130.65,4.753831044897824,0.20780578374667158
137,2005-01-13 13:27:29,1105640849.0,ace,0.21,42.76,9.360613810741679,1177.45,9.089814145681633,0.2707996650600464
138,2007-02-20 18:32:05,1172014325.0,ace,0.171,58.6,49.87212276214834,1459.68,35.23820112290846,14.63392163923988
139,2007-04-05 15:54:06,1175802846.0,ace,0.171,57.24,46.39386189258312,1443.76,33.76322567494952,12.630636217633601
140,2008-01-23 21:48:58,1201142938.0,ace,0.154,59.98,53.40153452685421,1338.6,24.02023458780366,29.381299939050553
141,2010-07-18 23:43:13,1279510993.0,ace,0.154,53.7,37.34015345268543,1096.48,1.5880074860563032,35.75214596662912
142,2010-12-07 07:29:30,1291724970.0,ace,23.09,59.06,51.04859335038363,1223.75,13.379472640687837,37.6691207096958
143,2011-08-11 20:49:00,1313110140.0,ace,27.7,63.42,62.19948849104859,1172.64,8.644171438101079,53.555317052947515
144,2013-04-23 04:24:03,1366705443.0,ace,24.94,89.27,128.31202046035804,1578.78,46.272722219133925,82.03929824122412
145,2013-05-16 15:08:57,1368731337.0,ace,27.94,92.58,136.77749360613808,1650.47,52.91474419552691,83.86274941061117
146,2003-12-15 23:12:24,1071547944.0,aci,1.074,30.78,0.0,1068.04,0.0,0.0
147,2005-01-24 04:33:07,1106559187.0,aci,1.18,34.52,12.150747238466543,1163.75,8.96127485861953,3.189472379847013
148,2005-02-05 03:36:51,1107592611.0,aci,1.18,38.4,24.75633528265106,1193.19,11.71772592786788,13.038609354783182
149,2005-03-30 06:50:28,1112179828.0,aci,0.936,41.15,33.69070825211175,1181.41,10.614770982360222,23.075937269751527
150,2006-05-24 04:17:01,1148458621.0,aci,0.854,46.39,50.71474983755685,1258.57,17.839219504887456,32.8755303326694
151,2007-03-11 21:41:07,1173663667.0,aci,0.86,30.08,-2.274204028590003,1401.89,31.258192577057052,-33.53239660564706
152,2007-04-07 18:52:27,1175986347.0,aci,0.86,33.93,10.233918128654967,1439.37,34.76742444103216,-24.533506312377195
153,2008-03-02 17:50:27,1204498227.0,aci,0.851,51.09,65.98440545808968,1367.68,28.055129021384978,37.929276436704704
154,2008-06-05 02:23:56,1212647036.0,aci,0.899,67.52,119.3632228719948,1404.05,31.4604321935508,87.90279067844399
155,2008-10-08 20:51:28,1223513488.0,aci,0.772,25.11,-18.421052631578952,984.94,-7.78060746788509,-10.640445163693862
156,2008-12-05 05:35:57,1228473357.0,aci,0.767,11.93,-61.241065627030544,876.07,-17.974045915883295,-43.26701971114725
157,2009-08-01 05:52:40,1249120360.0,aci,0.767,17.41,-43.43729694606888,975.15,-8.697239803752668,-34.74005714231621
158,2011-08-18 01:16:41,1313644601.0,aci,118.77,19.7,-35.997400909681616,1140.65,6.798434515561228,-42.79583542524284
159,2012-07-26 21:31:10,1343352670.0,aci,113.56,5.26,-82.9109811565952,1360.02,27.33792741844875,-110.24890857504394
160,2012-11-04 10:32:06,1352043126.0,aci,144.73,8.26,-73.16439246263809,1427.59,33.66446949552451,-106.8288619581626
161,2013-04-23 05:25:15,1366709115.0,aci,179.32,4.89,-84.1130604288499,1578.78,47.82030635556721,-131.9333667844171
162,2013-04-25 06:05:53,1366884353.0,aci,179.32,4.76,-84.53541260558805,1585.16,48.41766225984047,-132.9530748654285
163,2003-11-08 10:24:47,1068305087.0,acn,0.076,25.05,0.0,1051.81,0.0,0.0
164,2004-11-28 23:13:49,1101701629.0,acn,0.023,25.94,3.5528942115768487,1051.81,0.0,3.5528942115768487
165,2004-12-10 06:26:24,1102677984.0,acn,0.023,26.2,4.590818363273447,1188.0,12.948156035785937,-8.35733767251249
166,2005-02-10 03:10:56,1108023056.0,acn,0.023,25.51,1.8363273453093847,1197.01,13.804774626596064,-11.968447281286679
167,2005-04-04 05:07:40,1112605660.0,acn,0.023,24.44,-2.43512974051896,1176.12,11.818674475428068,-14.253804215947028
168,2005-09-04 02:06:58,1125814018.0,acn,0.04,25.31,1.037924151696599,1221.59,16.141698595753983,-15.103774444057384
169,2006-06-03 23:44:14,1149392654.0,acn,0.045,27.89,11.337325349301395,1270.09,20.752797558494404,-9.415472209193009
170,2006-08-22 00:50:41,1156222241.0,acn,0.034,28.57,14.051896207584827,1298.82,23.484279480134244,-9.432383272549417
171,2006-08-22 06:44:05,1156243445.0,acn,0.034,28.57,14.051896207584827,1298.82,23.484279480134244,-9.432383272549417
172,2006-08-27 03:22:58,1156663378.0,acn,0.034,28.36,13.21357285429141,1296.06,23.22187467318242,-10.00830181889101
173,2006-11-02 16:40:55,1162500055.0,acn,0.027,32.96,31.57684630738523,1367.34,29.99876403532957,1.57808227205566
174,2006-11-11 01:01:42,1163224902.0,acn,0.027,33.87,35.20958083832334,1385.72,31.74622793090008,3.4633529074232605
175,2006-12-03 00:17:12,1165123032.0,acn,0.027,33.81,34.970059880239525,1400.63,33.163784333672446,1.806275546567079
176,2007-03-14 19:10:39,1173913839.0,acn,0.018,35.39,41.27744510978044,1387.17,31.884085528755207,9.39335958102523
177,2007-05-05 07:47:14,1178365634.0,acn,0.015,39.1,56.087824351297414,1495.92,42.223405367889654,13.86441898340776
178,2007-06-05 04:17:34,1181031454.0,acn,0.015,41.24,64.63073852295409,1530.95,45.55385478365866,19.076883739295432
179,2007-07-06 07:06:36,1183719996.0,acn,0.015,42.81,70.89820359281438,1530.44,45.50536693889582,25.392836653918565
180,2008-04-07 01:42:51,1207546971.0,acn,0.004,36.77,46.78642714570859,1372.54,30.493149903499685,16.29327724220891
181,2008-10-18 23:21:07,1224386467.0,acn,0.003,31.4,25.349301397205583,907.84,-13.687833353932739,39.037134751138325
182,2008-12-02 16:28:13,1228253293.0,acn,0.003,29.98,19.68063872255489,848.81,-19.300063699717633,38.98070242227252
183,2008-12-21 20:10:46,1229908246.0,acn,0.001,32.21,28.582834331337324,885.28,-15.83270742814767,44.415541759484995
184,2009-08-10 19:40:05,1249947605.0,acn,0.001,35.85,43.11377245508982,1007.1,-4.250767724208738,47.36454017929856
185,2011-09-01 16:51:37,1314910297.0,acn,0.11,53.62,114.05189620758482,1204.42,14.509274488738475,99.54262171884635
186,2011-11-08 00:40:19,1320730819.0,acn,0.1,58.0,131.5369261477046,1275.92,21.30708017607744,110.22984597162716
187,2012-02-29 00:47:01,1330494421.0,acn,0.15,59.76,138.562874251497,1365.68,29.84094085433682,108.72193339716017
188,2012-11-04 02:11:28,1352013088.0,acn,0.0,67.91,171.09780439121755,1427.59,35.7269849117236,135.37081947949395
189,2013-04-23 04:45:22,1366706722.0,acn,0.0,74.94,199.16167664670658,1578.78,50.10125402876946,149.06042261793712
190,2013-05-10 03:17:29,1368170249.0,acn,0.0,80.09,219.72055888223557,1633.7,55.32272939028914,164.39782949194642
191,2013-05-12 08:27:29,1368361649.0,act,177.28,119.86,0.0,1626.67,0.0,0.0
192,2004-01-25 05:32:05,1075026725.0,adbe,0.0,38.04,0.0,1143.94,0.0,0.0
193,2004-08-21 23:10:00,1093144200.0,adbe,0.0,46.09,21.16193480546794,1095.17,-4.2633354896235796,25.42527029509152
194,2004-11-12 17:19:37,1100297977.0,adbe,0.0,58.1,52.733964248159836,1184.17,3.516792838785252,49.217171409374586
195,2005-02-07 16:20:07,1107811207.0,adbe,0.0,63.67,67.3764458464774,1201.72,5.050964211409687,62.32548163506771
196,2005-04-05 04:12:22,1112688742.0,adbe,0.0,66.58,75.02628811777076,1181.39,3.2737730999877654,71.752515017783
197,2005-08-31 10:51:30,1125499890.0,adbe,0.0,27.12,-28.706624605678225,1220.33,6.677797786597188,-35.38442239227541
198,2006-02-21 13:18:21,1140545901.0,adbe,0.0,37.8,-0.630914826498428,1283.03,12.1588544853751,-12.789769311873528
199,2006-04-07 10:36:37,1144420597.0,adbe,0.0,36.1,-5.099894847528911,1295.5,13.24894662307463,-18.348841470603542
200,2006-06-23 19:31:40,1151105500.0,adbe,0.0,30.5,-19.82124079915878,1244.5,8.790670839379683,-28.611911638538462
201,2006-11-28 09:44:25,1164725065.0,adbe,0.0,40.22,5.730809674027339,1386.72,21.22314107383254,-15.492331399805202
202,2007-01-27 16:50:33,1169934633.0,adbe,0.0,39.26,3.207150368033646,1440.13,25.89209224260014,-22.684941874566494
203,2007-03-09 02:36:54,1173425814.0,adbe,0.0,39.08,2.73396424815983,1402.84,22.632305890169054,-19.898341642009225
204,2007-03-15 06:30:18,1173954618.0,adbe,0.0,39.3,3.3123028391167137,1392.28,21.709180551427515,-18.3968777123108
205,2007-03-28 17:43:54,1175118234.0,adbe,0.0,42.14,10.778128286014725,1417.23,23.89023899854887,-13.112110712534145
206,2007-04-29 08:01:44,1177848104.0,adbe,0.0,42.89,12.749737118822296,1494.25,30.623109603650533,-17.873372484828238
207,2007-04-30 09:07:29,1177938449.0,adbe,0.0,42.89,12.749737118822296,1482.37,29.58459359756629,-16.834856478743994
208,2007-05-01 10:38:04,1178030284.0,adbe,0.0,41.56,9.25341745531021,1486.3,29.928143084427493,-20.674725629117283
209,2007-05-30 21:47:54,1180576074.0,adbe,0.0,43.22,13.617245005257622,1530.23,33.768379460461205,-20.151134455203582
210,2007-05-31 04:45:00,1180601100.0,adbe,0.0,43.22,13.617245005257622,1530.62,33.80247215763063,-20.18522715237301
211,2007-06-30 20:56:00,1183251360.0,adbe,0.0,40.15,5.546792849631965,1506.34,31.67998321590292,-26.133190366270952
212,2007-10-18 06:04:41,1192701881.0,adbe,0.0,45.97,20.846477392218716,1540.08,34.62943860691993,-13.782961214701217
213,2008-01-23 23:45:57,1201149957.0,adbe,0.0,34.33,-9.752891692954787,1338.6,17.016626746158,-26.769518439112787
214,2008-12-04 14:30:57,1228419057.0,adbe,0.08,22.54,-40.7465825446898,845.22,-26.113257688340298,-14.633324856349503
215,2008-12-05 00:15:55,1228454155.0,adbe,0.08,20.44,-46.267087276550996,876.07,-23.416437925066,-22.850649351484996
216,2008-12-17 11:42:55,1229532175.0,adbe,0.08,22.32,-41.32492113564668,904.42,-20.93816109236499,-20.386760043281694
217,2008-12-20 21:49:14,1229827754.0,adbe,0.079,22.13,-41.824395373291274,904.42,-20.93816109236499,-20.886234280926285
218,2011-04-24 04:02:44,1303632164.0,adbe,28.03,33.48,-11.987381703470037,1337.38,16.90997779603826,-28.897359499508298
219,2011-08-05 04:11:46,1312531906.0,adbe,28.17,26.15,-31.25657202944269,1199.38,4.846408028393102,-36.102980057835794
220,2011-09-25 13:42:54,1316972574.0,adbe,28.17,24.88,-34.59516298633018,1129.56,-1.2570589366575264,-33.33810404967265
221,2011-10-18 13:47:26,1318960046.0,adbe,27.25,26.24,-31.019978969505786,1225.38,7.119254506355233,-38.13923347586102
222,2012-03-24 12:13:07,1332605587.0,adbe,25.26,33.81,-11.119873817034692,1402.89,22.63667674878053,-33.756550565815225
223,2012-07-02 04:31:22,1341217882.0,adbe,24.76,32.37,-14.90536277602524,1365.51,19.369022850848815,-34.27438562687406
224,2004-01-20 06:29:18,1074598158.0,adi,0.0,50.5,0.0,1138.77,0.0,0.0
225,2004-05-12 18:46:27,1084401987.0,adi,0.0,45.04,-10.811881188118813,1097.28,-3.643404726151902,-7.168476461966911
226,2004-06-22 09:09:13,1087909753.0,adi,0.0,45.03,-10.831683168316829,1134.41,-0.38286923610561396,-10.448813932211214
227,2004-08-10 02:07:28,1092118048.0,adi,0.0,35.92,-28.87128712871287,1079.04,-5.245132906557076,-23.62615422215579
228,2004-11-11 09:56:15,1100184975.0,adi,0.0,38.5,-23.762376237623762,1173.48,3.0480255011986648,-26.810401738822428
229,2005-01-24 03:34:28,1106555668.0,adi,0.0,34.47,-31.742574257425744,1163.75,2.1935948435592807,-33.936169100985026
230,2005-03-17 01:05:45,1111035945.0,adi,0.0,35.92,-28.87128712871287,1190.21,4.517154473686526,-33.388441602399396
231,2005-04-08 23:33:20,1113017600.0,adi,0.0,35.67,-29.366336633663366,1181.2,3.725949928431559,-33.09228656209493
232,2005-09-07 23:00:53,1126148453.0,adi,0.0,36.88,-26.970297029702966,1236.36,8.569772649437544,-35.54006967914051
233,2005-10-31 08:19:48,1130761188.0,adi,0.0,34.61,-31.465346534653467,1207.01,5.992430429322867,-37.457776963976336
234,2006-12-06 22:26:10,1165461970.0,adi,0.0,33.57,-33.524752475247524,1412.9,24.072464149916147,-57.59721662516367
235,2007-02-20 18:32:29,1172014349.0,adi,0.0,32.97,-34.71287128712871,1459.68,28.180405174003536,-62.893276461132245
236,2007-04-05 11:21:28,1175786488.0,adi,0.0,35.37,-29.960396039603964,1443.76,26.782405577948136,-56.742801617552104
237,2008-01-23 20:59:26,1201139966.0,adi,0.0,27.74,-45.069306930693074,1338.6,17.547880608024442,-62.617187538717516
238,2008-04-17 12:21:31,1208449291.0,adi,0.0,31.44,-37.742574257425744,1365.56,19.915347260640864,-57.65792151806661
239,2008-10-14 20:39:34,1224031174.0,adi,0.0,22.77,-54.910891089108915,998.01,-12.360704971153085,-42.55018611795583
240,2008-12-12 10:52:17,1229097137.0,adi,0.0,18.46,-63.445544554455445,879.73,-22.747350211192778,-40.69819434326267
241,2008-12-18 00:52:29,1229579549.0,adi,0.0,19.68,-61.02970297029703,885.28,-22.259982261562918,-38.76972070873411
242,2009-03-27 16:45:23,1238186723.0,adi,0.0,20.0,-60.396039603960396,815.94,-28.349008140361963,-32.04703146359843
243,2011-08-05 04:12:35,1312531955.0,adi,25.32,31.63,-37.366336633663366,1199.38,5.322409266138037,-42.688745899801404
244,2012-03-19 11:50:51,1332172251.0,adi,22.65,39.7,-21.38613861386138,1409.75,23.795849908234327,-45.18198852209571
245,2013-04-22 02:24:41,1366611881.0,adi,17.57,42.36,-16.11881188118812,1562.5,37.20944527867787,-53.328257159865984
246,2013-05-11 12:07:46,1368288466.0,adi,17.57,46.79,-7.346534653465349,1632.69,43.37311309570853,-50.71964774917388
247,2003-11-12 17:41:28,1068676888.0,adm,0.733,14.48,0.0,1058.53,0.0,0.0
248,2004-01-31 04:11:22,1075540282.0,adm,0.703,15.66,8.149171270718229,1128.48,6.608220834553584,1.5409504361646453
249,2004-04-14 16:44:25,1081975465.0,adm,0.789,16.81,16.091160220994464,1128.17,6.578934938074508,9.512225282919957
250,2004-06-19 13:33:48,1087666428.0,adm,0.848,16.28,12.43093922651934,1133.56,7.088131654275267,5.342807572244074
251,2004-11-30 07:08:52,1101816532.0,adm,0.613,21.23,46.61602209944751,1173.82,10.891519371203458,35.724502728244055
252,2005-01-26 00:58:06,1106719086.0,adm,0.613,22.65,56.42265193370164,1174.07,10.915137029654328,45.50751490404731
253,2005-02-08 21:21:16,1107915676.0,adm,0.613,23.71,63.74309392265194,1202.3,13.582043021926632,50.16105090072531
254,2005-02-14 20:39:46,1108431586.0,adm,0.528,24.5,69.1988950276243,1206.14,13.944810255732017,55.25408477189229
255,2006-04-06 18:53:48,1144364028.0,adm,0.528,37.05,155.87016574585633,1309.04,23.665838474110323,132.204327271746
256,2006-04-07 06:53:49,1144407229.0,adm,0.528,36.92,154.97237569060772,1295.5,22.386706092411178,132.58566959819655
257,2006-04-12 00:58:21,1144817901.0,adm,0.528,36.55,152.4171270718232,1288.12,21.68951281494147,130.7276142568817
258,2006-04-22 19:30:52,1145748652.0,adm,0.528,37.86,161.46408839779005,1309.93,23.74991733819543,137.7141710595946
259,2006-04-23 14:17:44,1145816264.0,adm,0.528,37.86,161.46408839779005,1311.46,23.894457407914757,137.5696309898753
260,2006-04-24 19:49:42,1145922582.0,adm,0.528,38.45,165.5386740331492,1308.11,23.577980784673077,141.9606932484761
261,2006-04-28 06:30:41,1146220241.0,adm,0.528,36.19,149.9309392265193,1310.61,23.814157369181785,126.11678185733753
262,2006-05-16 14:27:00,1147804020.0,adm,0.528,43.1,197.65193370165747,1292.08,22.063616524803262,175.58831717685422
263,2007-02-20 08:05:08,1171976708.0,adm,0.541,35.88,147.79005524861878,1459.68,37.89689475026689,109.8931604983519
264,2007-03-07 08:11:55,1173273115.0,adm,0.541,32.96,127.62430939226519,1391.97,31.50028813543311,96.12402125683208
265,2007-04-09 12:40:37,1176136837.0,adm,0.541,37.02,155.66298342541438,1444.61,36.4732222988484,119.18976112656598
266,2007-06-18 03:24:32,1182151472.0,adm,0.597,34.57,138.74309392265195,1531.05,44.6392638848214,94.10383003783055
267,2007-06-19 05:10:54,1182244254.0,adm,0.597,34.75,139.98618784530385,1533.7,44.88961106440064,95.0965767809032
268,2007-10-12 05:57:34,1192183054.0,adm,0.47,34.9,141.0220994475138,1561.8,47.54423587427848,93.47786357323531
269,2008-01-23 23:14:44,1201148084.0,adm,0.62,40.85,182.11325966850828,1338.6,26.458390409341252,155.65486925916701
270,2009-01-09 16:47:55,1231537675.0,adm,0.628,27.94,92.95580110497238,890.35,-15.888071193069631,108.84387229804202
271,2011-07-29 19:09:22,1311980962.0,adm,85.48,30.64,111.60220994475138,1292.28,22.08251065156396,89.51969929318741
272,2011-08-05 04:13:27,1312532007.0,adm,85.48,28.05,93.71546961325967,1199.38,13.306188771220478,80.4092808420392
273,2011-09-28 04:29:00,1317198540.0,adm,54.78,25.77,77.9696132596685,1151.06,8.741367745836204,69.2282455138323
274,2011-12-31 04:39:51,1325324391.0,adm,51.59,28.6,97.51381215469614,1249.64,18.054282826183492,79.45952932851264
275,2012-07-28 11:39:41,1343489981.0,adm,55.68,27.54,90.19337016574585,1337.89,26.391316259340798,63.80205390640505
276,2013-06-07 17:17:34,1370639854.0,adm,46.71,33.02,128.0386740331492,1643.38,55.251150179966565,72.78752385318262
277,2004-05-12 18:03:39,1084399419.0,adp,0.015,45.7,0.0,1097.28,0.0,0.0
278,2006-05-29 06:22:46,1148898166.0,adp,0.012,45.98,0.6126914660831378,1280.16,16.66666666666668,-16.05397520058354
279,2006-06-27 09:26:37,1151414797.0,adp,0.012,44.48,-2.6695842450765994,1239.2,12.933799941673966,-15.603384186750565
280,2007-02-20 18:32:39,1172014359.0,adp,0.012,50.7,10.940919037199125,1459.68,33.02712160979878,-22.08620257259966
281,2007-04-28 09:46:50,1177768010.0,adp,0.012,45.17,-1.1597374179431095,1495.42,36.28426655001459,-37.444003967957705
282,2007-05-28 15:46:58,1180381618.0,adp,0.007,49.23,7.724288840262568,1515.73,38.13520705745116,-30.410918217188595
283,2007-06-30 05:05:33,1183194333.0,adp,0.007,48.47,6.061269146608305,1506.34,37.279454651501894,-31.21818550489359
284,2007-10-22 09:12:40,1193058760.0,adp,0.008,47.52,3.982494529540482,1506.33,37.27854330708661,-33.296048777546126
285,2008-01-23 19:35:35,1201134935.0,adp,0.078,38.56,-15.62363238512035,1338.6,21.992563429571298,-37.61619581469165
286,2008-12-07 07:53:01,1228654381.0,adp,0.288,37.59,-17.746170678336977,845.22,-22.971347331583548,5.225176653246571
287,2009-03-27 23:09:31,1238209771.0,adp,0.288,35.5,-22.31947483588622,815.94,-25.639763779527552,3.3202889436413336
288,2009-06-22 11:11:50,1245683510.0,adp,0.288,35.68,-21.925601750547052,893.04,-18.613298337707786,-3.3123034128392668
289,2011-08-05 04:11:51,1312531911.0,adp,0.57,47.88,4.770240700218817,1199.38,9.304826480023342,-4.534585779804525
290,2011-09-30 03:20:09,1317367209.0,adp,0.62,48.12,5.295404814004364,1131.42,3.111329833770788,2.184074980233576
291,2012-01-04 00:07:51,1325653671.0,adp,0.61,54.46,19.16849015317286,1277.3,16.40602216389618,2.762467989276683
292,2012-04-20 21:07:33,1334970453.0,adp,0.58,55.02,20.393873085339166,1378.53,25.63156167979003,-5.237688594450862
293,2012-07-26 00:02:28,1343275348.0,adp,0.27,55.41,21.247264770240683,1360.02,23.944663167104114,-2.6973983968634307
294,2012-11-04 17:34:40,1352068480.0,adp,0.26,57.37,25.536105032822743,1427.59,30.102617381160684,-4.566512348337941
295,2013-02-06 18:15:11,1360192511.0,adp,7.29,60.33,32.01312910284463,1512.12,37.80621172353455,-5.793082620689923
296,2013-04-23 04:13:36,1366704816.0,adp,0.46,65.5,43.326039387308526,1578.78,43.88123359580053,-0.5551942084920043
297,2013-04-26 14:37:22,1367001442.0,adp,0.46,66.59,45.71115973741794,1582.24,44.1965587634879,1.5146009739300368
298,2003-10-03 16:48:40,1065214120.0,adsk,0.0,18.44,0.0,1029.85,0.0,0.0
299,2004-06-20 07:36:21,1087731381.0,adsk,0.0,39.4,113.66594360086766,1132.05,9.923775307083561,103.7421682937841
300,2004-08-03 23:39:21,1091590761.0,adsk,0.0,39.96,116.70281995661604,1099.69,6.7815701315725745,109.92124982504346
301,2005-02-25 15:10:44,1109362244.0,adsk,0.0,29.83,61.767895878524925,1211.37,17.62586784483177,44.14202803369315
302,2005-04-19 09:08:08,1113916088.0,adsk,0.0,31.69,71.85466377440348,1152.78,11.93668980919552,59.917973965207956
303,2007-03-09 02:37:05,1173425825.0,adsk,0.0,38.53,108.94793926247289,1402.84,36.217895810069436,72.73004345240345
304,2007-03-11 12:08:50,1173629330.0,adsk,0.0,38.54,109.00216919739694,1401.89,36.1256493664126,72.87651983098434
305,2007-04-07 14:32:35,1175970755.0,adsk,0.0,39.55,114.47939262472882,1439.37,39.765014322474144,74.71437830225467
306,2007-05-29 18:50:01,1180479001.0,adsk,0.0,44.53,141.48590021691973,1518.11,47.41078797883187,94.07511223808785
307,2007-12-24 21:50:49,1198551049.0,adsk,0.0,51.02,176.6811279826464,1496.45,45.30756906345586,131.37355891919054
308,2008-01-23 23:44:14,1201149854.0,adsk,0.0,40.75,120.9869848156182,1338.6,29.980094188474055,91.00689062714414
309,2008-03-02 21:47:36,1204512456.0,adsk,0.0,31.09,68.60086767895878,1367.68,32.80380637956986,35.797061299388915
310,2009-06-18 19:51:54,1245369114.0,adsk,0.0,20.69,12.20173535791757,918.37,-10.824877409331448,23.02661276724902
311,2012-06-10 06:28:33,1339324113.0,adsk,0.0,32.78,77.76572668112797,1314.99,27.687527309802412,50.07819937132556
312,2012-08-28 20:58:45,1346201925.0,adsk,0.0,31.23,69.36008676789587,1409.3,36.845171626935965,32.5149151409599
313,2012-11-07 12:09:30,1352308170.0,adsk,0.0,32.41,75.75921908893706,1394.53,35.410982181871155,40.3482369070659
314,2013-02-06 12:50:17,1360173017.0,adsk,5.45,39.06,111.82212581344902,1512.12,46.829149876195565,64.99297593725345
315,2013-05-14 02:47:26,1368514046.0,adsk,36.49,38.9,110.95444685466376,1650.34,60.250521920668064,50.703924933995694
316,2013-04-23 04:44:32,1366706672.0,adt,48.01,43.84,0.0,1578.78,0.0,0.0
317,2013-05-09 13:05:42,1368119142.0,adt,69.94,44.47,1.4370437956204276,1626.67,3.0333548689494485,-1.596311073329021
318,2003-12-28 17:36:03,1072650963.0,aee,1.0,45.44,0.0,1626.67,0.0,0.0
319,2004-09-24 17:33:50,1096061630.0,aee,0.804,46.07,1.3864436619718365,1110.11,-31.75567263181839,33.142116293790224
320,2004-11-02 15:30:15,1099423815.0,aee,0.804,48.01,5.65580985915493,1130.56,-30.498503076837963,36.15431293599289
321,2005-03-05 21:55:16,1110077716.0,aee,0.974,51.83,14.062500000000004,1210.08,-25.60998850412193,39.67248850412193
322,2005-12-16 06:43:01,1134733381.0,aee,0.863,52.32,15.140845070422543,1267.32,-22.09114325585399,37.231988326276536
323,2006-01-10 11:29:29,1136910569.0,aee,0.863,51.66,13.688380281690138,1289.69,-20.715941155858285,34.404321437548425
324,2007-02-20 06:12:12,1171969932.0,aee,0.965,53.51,17.75968309859155,1459.68,-10.26575765213596,28.025440750727512
325,2007-12-15 01:09:10,1197698950.0,aee,1.02,53.77,18.33186619718311,1486.59,-8.611457763406232,26.943323960589343
326,2008-01-23 19:17:07,1201133827.0,aee,1.02,46.34,1.980633802816914,1338.6,-17.70918502216185,19.689818824978765
327,2009-02-21 00:56:51,1235195811.0,aee,1.02,25.73,-43.37588028169014,788.42,-51.53165669742481,8.155776415734671
328,2010-02-18 18:51:00,1266537060.0,aee,1.02,25.625,-43.60695422535211,1106.75,-31.962229585595114,-11.644724639756998
329,2010-03-23 07:53:00,1269345180.0,aee,1.02,25.82,-43.17781690140844,1174.17,-27.817565947610763,-15.360250953797678
330,2012-04-23 16:14:50,1335212090.0,aee,86.81,31.45,-30.787852112676056,1366.94,-15.966975477509267,-14.820876635166789
331,2013-05-15 17:35:45,1368653745.0,aee,94.51,36.37,-19.960387323943664,1658.78,1.9739713648127706,-21.934358688756433
332,2007-03-17 16:26:12,1174163172.0,aeo,94.51,29.89,0.0,1387.17,0.0,0.0
333,2007-09-20 19:04:16,1190329456.0,aeo,94.51,25.61,-14.319170291067252,1518.75,9.485499253876592,-23.80466954494384
334,2007-10-13 18:24:50,1192314290.0,aeo,94.51,24.43,-18.266978922716632,1562.47,12.637239848035925,-30.904218770752557
335,2008-01-24 01:42:43,1201156963.0,aeo,94.51,22.64,-24.25560388089662,1352.07,-2.5303315383118243,-21.725272342584795
336,2008-12-08 10:59:42,1228751982.0,aeo,0.054,9.73,-67.44730679156909,909.7,-34.42043873497841,-33.02686805659068
337,2009-01-12 14:36:10,1231788970.0,aeo,0.054,10.13,-66.10906657745065,870.26,-37.263637477742456,-28.84542909970819
338,2009-03-07 19:29:00,1236472140.0,aeo,0.054,8.91,-70.19069923051188,712.87,-48.60975943828082,-21.580939792231064
339,2011-11-17 07:59:18,1321534758.0,aeo,0.054,13.97,-53.261960521913686,1216.13,-12.330139780992953,-40.931820740920735
340,2012-01-01 20:57:00,1325469420.0,aeo,0.054,15.29,-48.84576781532285,1263.02,-8.949876366991795,-39.89589144833106
341,2012-07-23 18:32:30,1343082750.0,aeo,0.054,20.27,-32.18467714954835,1350.52,-2.642069825616189,-29.54260732393216
342,2012-10-14 08:11:53,1350216713.0,aeo,0.054,21.54,-27.93576446972232,1432.84,3.292314568509977,-31.228079038232295
343,2013-03-30 07:41:32,1364643692.0,aeo,0.054,18.7,-37.4372699899632,1562.85,12.66463375072989,-50.10190374069309
344,2013-05-10 12:59:12,1368205152.0,aeo,0.054,19.57,-34.52659752425561,1633.7,17.77215481880375,-52.298752343059355
345,2004-08-03 23:58:46,1091591926.0,aep,1.754,31.64,0.0,1099.69,0.0,0.0
346,2004-10-10 13:54:05,1097430845.0,aep,1.739,32.38,2.3388116308470353,1130.65,2.8153388682265033,-0.476527237379468
347,2005-04-04 22:37:45,1112668665.0,aep,1.435,33.96,7.332490518331227,1176.12,6.950140494139243,0.38235002419198416
348,2007-03-07 02:53:36,1173254016.0,aep,1.342,45.33,43.26801517067003,1391.97,26.578399367094356,16.689615803575677
349,2007-04-10 20:12:53,1176250373.0,aep,1.457,49.34,55.94184576485463,1448.39,31.70893615473452,24.232909610120107
350,2008-01-23 20:30:47,1201138247.0,aep,1.55,43.82,38.49557522123894,1338.6,21.72521346925041,16.770361751988528
351,2011-04-08 04:53:43,1302252823.0,aep,136.63,35.47,12.10493046776232,1328.17,20.776764360865336,-8.671833893103015
352,2011-11-13 10:16:12,1321197372.0,aep,120.73,39.52,24.905183312262967,1239.7,12.73176986241577,12.173413449847196
353,2012-07-27 00:36:41,1343363801.0,aep,123.75,41.95,32.58533501896335,1385.97,26.03279105929853,6.5525439596648205
354,2013-04-25 05:13:54,1366881234.0,aep,126.19,50.9,60.87231352718078,1585.16,44.14607753094054,16.72623599624024
355,2003-10-03 17:23:47,1065216227.0,aes,101.18,7.96,0.0,1029.85,0.0,0.0
356,2003-12-15 21:31:38,1071541898.0,aes,29.748,8.39,5.402010050251263,1068.04,3.7083070350051033,1.69370301524616
357,2004-08-04 00:04:30,1091592270.0,aes,15.619,9.66,21.356783919597994,1098.63,6.678642520755469,14.678141398842525
358,2004-10-26 04:29:14,1098779354.0,aes,15.619,11.05,38.819095477386945,1111.09,7.888527455454679,30.930568021932267
359,2004-12-05 09:19:07,1102256347.0,aes,12.944,12.42,56.03015075376885,1190.33,15.582851871631794,40.447298882137055
360,2005-02-18 08:12:43,1108732363.0,aes,10.698,16.48,107.03517587939697,1201.59,16.676214982764485,90.35896089663248
361,2007-02-19 02:26:15,1171869975.0,aes,6.513,22.3,180.15075376884423,1455.54,41.335145895033264,138.81560787381096
362,2007-04-11 05:09:29,1176282569.0,aes,6.513,22.42,181.65829145728645,1438.87,39.71646356265476,141.9418278946317
363,2008-01-23 21:05:49,1201140349.0,aes,5.378,17.9,124.87437185929646,1338.6,29.980094188474055,94.8942776708224
364,2008-04-23 21:50:03,1209001803.0,aes,5.687,17.63,121.48241206030148,1379.93,33.993299995144945,87.48911206515655
365,2011-05-23 09:17:49,1306156669.0,aes,178.11,13.02,63.56783919597989,1317.37,27.9186289265427,35.64921026943719
366,2011-07-24 02:55:42,1311490542.0,aes,178.11,12.68,59.2964824120603,1343.8,30.485022090595727,28.811460321464573
367,2013-05-23 20:50:51,1369356651.0,aes,279.88,12.9,62.060301507537694,1650.51,60.267029179006656,1.7932723285310388
368,2004-02-15 08:22:54,1076851374.0,aet,0.211,77.5,0.0,1152.11,0.0,0.0
369,2004-08-03 20:44:23,1091580263.0,aet,0.193,86.6,11.74193548387096,1099.69,-4.549912768746027,16.291848252616987
370,2004-11-30 04:45:36,1101807936.0,aet,0.178,118.21,52.52903225806451,1173.82,1.8843686800739545,50.644663577990556
371,2005-02-04 06:20:07,1107516007.0,aet,0.178,130.85,68.83870967741935,1203.03,4.419716867313023,64.41899281010632
372,2005-04-08 02:12:37,1112940757.0,aet,0.177,76.32,-1.522580645161299,1181.2,2.5249325151244366,-4.047513160285735
373,2005-09-23 17:26:49,1127510809.0,aet,0.17,82.71,6.7225806451612815,1215.29,5.4838513683589305,1.238729276802351
374,2006-01-11 03:31:09,1136968269.0,aet,0.172,92.65,19.5483870967742,1294.18,12.331287811059722,7.217099285714477
375,2006-05-07 11:34:24,1147016064.0,aet,0.172,37.99,-50.98064516129032,1312.25,13.899714436989532,-64.88035959827985
376,2007-01-25 23:46:33,1169786793.0,aet,0.253,41.1,-46.96774193548387,1423.9,23.590629366987546,-70.55837130247141
377,2007-02-20 08:05:18,1171976718.0,aet,0.253,45.61,-41.148387096774194,1459.68,26.69623560250325,-67.84462269927744
378,2007-04-06 18:34:03,1175898843.0,aet,0.272,45.0,-41.935483870967744,1437.77,24.79450746890489,-66.72999133987264
379,2008-01-23 22:12:23,1201144343.0,aet,0.31,54.11,-30.180645161290325,1338.6,16.18682243882963,-46.36746760011995
380,2008-02-22 22:13:00,1203736380.0,aet,0.31,50.13,-35.31612903225806,1353.11,17.44625079202507,-52.76237982428313
381,2008-11-01 10:58:06,1225551486.0,aet,0.389,24.87,-67.90967741935484,930.09,-19.270729357439816,-48.638948061915016
382,2009-10-02 08:48:44,1254487724.0,aet,0.389,27.58,-64.41290322580645,1025.21,-11.014573261233727,-53.39832996457272
383,2009-10-15 09:39:45,1255613985.0,aet,0.389,26.03,-66.41290322580645,1096.56,-4.821588216402945,-61.5913150094035
384,2012-12-19 21:05:07,1355969107.0,aet,43.0,46.0,-40.64516129032258,1435.81,24.624384824365738,-65.26954611468831
385,2013-06-05 05:12:09,1370423529.0,aet,63.37,59.36,-23.406451612903226,1608.9,39.64812387706037,-63.0545754899636
386,2003-10-03 17:29:50,1065216590.0,afl,0.173,33.43,0.0,1029.85,0.0,0.0
387,2003-12-07 12:26:30,1070817990.0,afl,0.206,35.47,6.102303320370922,1069.72,3.8714375879982637,2.230865732372658
388,2004-06-27 21:50:24,1088387424.0,afl,0.203,40.4,20.849536344600654,1140.65,10.758848375977102,10.090687968623552
389,2004-08-29 05:10:22,1093770622.0,afl,0.226,39.99,19.62309303021239,1105.09,7.305918337621985,12.317174692590406
390,2005-01-25 00:35:34,1106631334.0,afl,0.189,39.58,18.396649715824108,1168.41,13.4543865611497,4.942263154674407
391,2005-03-17 18:20:48,1111098048.0,afl,0.189,38.22,14.328447502243492,1190.21,15.57119968927515,-1.242752187031659
392,2005-04-06 19:09:19,1112828959.0,afl,0.189,37.0,10.679030810649119,1184.07,14.97499635869302,-4.295965548043901
393,2005-08-28 22:41:53,1125283313.0,afl,0.162,43.93,31.40891414896799,1212.37,17.722969364470554,13.685944784497437
394,2006-02-02 01:16:50,1138861010.0,afl,0.162,47.17,41.10080765779241,1270.84,23.400495217750162,17.700312440042246
395,2006-05-28 02:32:55,1148797975.0,afl,0.185,46.78,39.93419084654503,1272.88,23.598582317813296,16.335608528731733
396,2007-02-20 18:32:53,1172014373.0,afl,0.171,48.45,44.92970385880946,1459.68,41.73714618633784,3.1925576724716223
397,2007-04-08 10:16:28,1176041788.0,afl,0.171,47.92,43.34430152557584,1443.76,40.191289993688414,3.1530115318874223
398,2008-01-01 12:20:40,1199208040.0,afl,0.172,62.63,87.34669458570148,1443.76,40.191289993688414,47.15540459201307
399,2008-01-23 12:52:38,1201110758.0,afl,0.172,61.31,83.39814537840265,1338.6,29.980094188474055,53.41805118992859
400,2009-01-29 12:02:15,1233248535.0,afl,0.241,25.06,-25.037391564463064,845.14,-17.93562169247948,-7.101769871983585
401,2011-12-30 09:10:57,1325254257.0,afl,33.03,43.27,29.434639545318586,1257.6,22.11487109773268,7.319768447585904
402,2012-07-17 03:10:14,1342509014.0,afl,30.49,43.2,29.225246784325464,1363.67,32.41442928581834,-3.18918250149288
403,2013-05-07 11:42:45,1367941365.0,afl,27.57,55.61,66.34759198324858,1625.96,57.88318687187456,8.46440511137402
404,2003-11-17 22:46:03,1069127163.0,agn,0.739,76.65,0.0,1043.63,0.0,0.0
405,2004-06-19 14:49:29,1087670969.0,agn,0.695,91.42,19.26940639269406,1133.56,8.61703860563608,10.652367787057978
406,2004-08-10 02:33:38,1092119618.0,agn,0.637,69.32,-9.562948467058071,1079.04,3.392964939681674,-12.955913406739745
407,2004-11-02 14:09:49,1099418989.0,agn,0.637,72.5,-5.414220482713641,1130.56,8.329580406849155,-13.743800889562795
408,2005-03-10 01:40:57,1110436857.0,agn,0.522,75.47,-1.5394651011089455,1209.25,15.869608961030238,-17.409074062139183
409,2005-04-04 23:20:33,1112671233.0,agn,0.522,69.07,-9.889106327462507,1176.12,12.695112252426604,-22.58421857988911
410,2005-08-29 12:42:47,1125333767.0,agn,0.51,92.83,21.10893672537507,1212.28,16.15994174180503,4.948994983570039
411,2006-06-21 09:29:01,1150896541.0,agn,0.47,104.14,35.86431833007174,1252.2,19.98505217366307,15.879266156408669
412,2007-02-20 16:30:00,1172007000.0,agn,0.544,113.32,47.840834964122614,1459.68,39.8656612017669,7.975173762355716
413,2007-04-06 22:28:10,1175912890.0,agn,0.544,113.52,48.10176125244617,1437.77,37.76625815662638,10.335503095819789
414,2008-01-23 23:06:53,1201147613.0,agn,0.449,65.01,-15.185909980430528,1338.6,28.26384829872654,-43.44975827915707
415,2008-02-16 18:44:49,1203205489.0,agn,0.436,63.89,-16.647097195042406,1367.21,31.00524132115787,-47.652338516200274
416,2008-05-17 08:24:31,1211027071.0,agn,0.429,54.11,-29.406392694063932,1408.66,34.97695543439725,-64.38334812846118
417,2012-08-11 08:06:33,1344686793.0,agn,28.52,85.61,11.689497716894968,1402.22,34.3598785010013,-22.670380784106328
418,2012-08-22 22:58:41,1345690721.0,agn,28.52,85.43,11.454664057403784,1413.49,35.439763134444185,-23.985099077040402
419,2013-04-22 02:49:52,1366613392.0,agn,26.63,113.74,48.38878016960207,1562.5,49.71781186819082,-1.32903169858875
420,2013-05-12 05:08:18,1368349698.0,agn,40.37,104.18,35.916503587736464,1626.67,55.86654274024318,-19.95003915250672
421,2004-02-15 09:40:39,1076856039.0,aig,1.15,74.72,0.0,1152.11,0.0,0.0
422,2004-08-18 11:50:54,1092844254.0,aig,1.173,68.32,-8.565310492505361,1095.17,-4.942236418397535,-3.6230740741078264
423,2005-01-18 04:07:03,1106039223.0,aig,1.162,66.14,-11.482869379014987,1195.98,3.8077961305778203,-15.290665509592808
424,2005-04-28 12:07:20,1114704440.0,aig,1.162,51.85,-30.607601713062095,1143.22,-0.7716277091597047,-29.83597400390239
425,2006-01-07 18:38:22,1136677102.0,aig,1.294,70.11,-6.169700214132762,1273.46,10.532848425931563,-16.702548640064325
426,2006-06-17 17:06:59,1150578419.0,aig,1.384,59.87,-19.87419700214133,1230.04,6.764111065783656,-26.638308067924985
427,2007-01-23 22:00:19,1169607619.0,aig,1.384,69.8,-6.584582441113493,1427.99,23.94563019156158,-30.530212632675074
428,2007-03-15 06:01:57,1173952917.0,aig,1.687,67.0,-10.331905781584581,1392.28,20.846099764779414,-31.178005546363995
429,2007-05-04 05:36:10,1178271370.0,aig,1.687,70.65,-5.447002141327614,1505.62,30.683702077058616,-36.13070421838623
430,2007-06-05 04:27:22,1181032042.0,aig,1.614,72.55,-2.904175588865099,1530.95,32.882276865924275,-35.78645245478938
431,2007-07-06 07:35:21,1183721721.0,aig,1.614,70.27,-5.955567451820133,1530.44,32.83801025943705,-38.79357771125718
432,2008-01-23 16:02:26,1201122146.0,aig,1.918,52.07,-30.313169164882225,1338.6,16.18682243882963,-46.499991603711855
433,2008-05-23 12:57:40,1211561860.0,aig,2.282,37.81,-49.397751605995715,1375.93,19.426964439159473,-68.82471604515518
434,2008-09-21 02:42:52,1221979372.0,aig,2.411,3.85,-94.84743040685225,1206.51,4.721771358637639,-99.5692017654899
435,2008-10-27 11:48:40,1225122520.0,aig,2.411,1.7,-97.72483940042827,848.92,-26.316063570318803,-71.40877583010946
436,2008-12-17 11:42:57,1229532177.0,aig,3.273,1.8,-97.59100642398288,904.42,-21.498815217296958,-76.09219120668592
437,2008-12-19 05:47:27,1229683647.0,aig,3.273,1.67,-97.76498929336188,887.88,-22.934442023765087,-74.83054726959679
438,2009-01-06 14:34:51,1231270491.0,aig,3.273,1.66,-97.77837259100643,934.7,-18.87059395370233,-78.9077786373041
439,2010-01-05 22:17:53,1262747873.0,aig,3.273,29.33,-60.74678800856531,1136.52,-1.353169402227211,-59.3936186063381
440,2011-04-29 00:43:45,1304052225.0,aig,95.52,31.8,-57.441113490364025,1363.61,18.35762210205623,-75.79873559242026
441,2011-09-02 15:22:28,1314991348.0,aig,85.55,24.08,-67.77301927194861,1173.97,1.8973882702172646,-69.67040754216588
442,2011-11-03 02:27:12,1320301632.0,aig,76.86,24.19,-67.62580299785867,1261.15,9.46437406150456,-77.09017705936323
443,2011-11-04 17:31:20,1320442280.0,aig,76.86,23.75,-68.21466809421841,1253.23,8.776939701938193,-76.9916077961566
444,2012-01-02 19:39:36,1325551176.0,aig,81.27,23.2,-68.95074946466809,1257.6,9.15624376144639,-78.10699322611448
445,2012-03-10 07:53:56,1331384036.0,aig,66.35,28.25,-62.19218415417559,1352.63,17.40458810356652,-79.59677225774212
446,2012-07-01 20:48:59,1341190139.0,aig,74.18,32.09,-57.05299785867237,1329.04,15.357040560363167,-72.41003841903554
447,2012-07-13 10:02:58,1342188178.0,aig,74.18,30.47,-59.2210920770878,1356.78,17.76479676419787,-76.98588884128567
448,2012-11-12 11:30:45,1352737845.0,aig,71.9,32.17,-56.945931477516055,1380.03,19.782833236409726,-76.72876471392578
449,2013-01-30 10:56:28,1359561388.0,aig,71.9,37.82,-49.38436830835118,1501.96,30.366024077562052,-79.75039238591323
450,2013-04-22 02:32:25,1366612345.0,aig,48.99,38.88,-47.96573875802997,1562.5,35.62073065939885,-83.58646941742882
451,2013-05-11 13:26:32,1368293192.0,aig,45.01,44.18,-40.87259100642398,1632.69,41.71303087378811,-82.58562188021209
